{"cameraMode":{"drawMode":0,"name":"Shaded","section":"Shading Mode"},"sceneLighting":true,"audioPlay":false,"sceneViewState":{"showFog":true,"showMaterialUpdate":false,"showSkybox":true,"showFlares":true,"showImageEffects":true,"showParticleSystems":true},"in2DMode":false,"pivot":{"x":-34.78911209106445,"y":1.350000023841858,"z":-14.025053024291993},"rotation":{"x":0.18357618153095246,"y":0.04483574256300926,"z":-0.008373725228011608,"w":0.9819801449775696},"size":1.8885058164596558,"orthographic":false}