{"cameraMode":{"drawMode":0,"name":"Shaded","section":"Shading Mode"},"sceneLighting":true,"audioPlay":false,"sceneViewState":{"showFog":true,"showMaterialUpdate":false,"showSkybox":true,"showFlares":true,"showImageEffects":true,"showParticleSystems":true},"in2DMode":false,"pivot":{"x":6.690934658050537,"y":1.4476749897003174,"z":-21.93989372253418},"rotation":{"x":-0.3000432252883911,"y":0.5987051725387573,"z":-0.25795257091522219,"w":-0.6964167356491089},"size":46.233001708984378,"orthographic":false}